{"type": "float64", "shape": [8], "data": [0.07125439062690711, 0.2908536404278267, 0.17402613598151886, 0.07201802113089499, 0.05940199116496422, 0.1404108612711611, 0.015897019631512084, 0.17613793976521672]}