{"type": "float32", "shape": [10, 25, 4], "data": [0.920105516910553, 0.21006456017494202, 1.379576325416565, 0.9860713481903076, 0.9743762016296387, 0.35602235794067383, 1.272665023803711, 0.9223711490631104, 0.8698834776878357, 0.48210325837135315, 1.2929511070251465, 0.9342747330665588, 0.7018378973007202, 0.4521212875843048, 1.1228965520858765, 0.9150170683860779, 0.7639532685279846, 0.25577136874198914, 1.066757082939148, 0.926402747631073, 1.0787243843078613, 0.23093834519386292, 1.2530453205108643, 0.939635157585144, 1.178349494934082, 0.2619999349117279, 1.0319393873214722, 0.9588309526443481, 1.016672134399414, 0.23888231813907623, 0.90929114818573, 0.9305312037467957, 0.9487626552581787, 0.4144144356250763, 0.8440592288970947, 0.7953219413757324, 0.8985853791236877, 0.5013230443000793, 0.850665807723999, 0.8178551197052002, 0.8789428472518921, 0.4763122498989105, 0.5005683302879333, 0.8615404963493347, 0.9406521320343018, 0.48674169182777405, 0.1399262547492981, 0.8871350884437561, 0.9908849000930786, 0.330597460269928, 0.8457750082015991, 0.8120465874671936, 0.8100333213806152, 0.23738597333431244, 0.53988116979599, 0.8915079236030579, 0.7115756869316101, 0.2177565097808838, 0.1717110127210617, 0.904038667678833, 0.9090659022331238, 0.22111718356609344, 1.411309003829956, 0.9092426300048828, 0.9492322206497192, 0.20174968242645264, 1.4017010927200317, 0.9569022059440613, 0.9171780943870544, 0.3452494144439697, 1.4220764636993408, 0.9439338445663452, 1.0332070589065552, 0.24404214322566986, 1.4005056619644165, 0.8880395293235779, 0.0, 0.0, 0.0, 0.0, 0.0, 0.0, 0.0, 0.0, 0.0, 0.0, 0.0, 0.0, 0.0, 0.0, 0.0, 0.0, 0.0, 0.0, 0.0, 0.0, 0.0, 0.0, 0.0, 0.0, 0.9201228022575378, 0.21381375193595886, 1.36603844165802, 0.9168211221694946, 0.9711147546768188, 0.36034879088401794, 1.2591018676757812, 0.9131613373756409, 0.8651948571205139, 0.48398858308792114, 1.2800365686416626, 0.9396204948425293, 0.6906529068946838, 0.443294882774353, 1.1193890571594238, 0.9051928520202637, 0.7555336952209473, 0.24812643229961395, 1.081544041633606, 0.9168916940689087, 1.0765718221664429, 0.23760190606117249, 1.238606572151184, 0.9227384924888611, 1.167371153831482, 0.2608170807361603, 1.0153050422668457, 0.9543131589889526, 1.0083733797073364, 0.243336483836174, 0.8984668850898743, 0.9393980503082275, 0.939262866973877, 0.4198867082595825, 0.8325814008712769, 0.7876788973808289, 0.8717498183250427, 0.48781394958496094, 0.8418750762939453, 0.8081240057945251, 0.8673446178436279, 0.48388218879699707, 0.4872712194919586, 0.8710053563117981, 0.9307231307029724, 0.492724746465683, 0.13020004332065582, 0.8985263705253601, 0.9965183138847351, 0.33885329961776733, 0.8248131275177002, 0.812476396560669, 0.7933701872825623, 0.24779923260211945, 0.518580973148346, 0.887435793876648, 0.6771027445793152, 0.197672039270401, 0.16463594138622284, 0.900096595287323, 0.907244086265564, 0.2285684496164322, 1.401849627494812, 0.903180718421936, 0.9511167407035828, 0.2073613405227661, 1.3923587799072266, 0.9539427757263184, 0.9124302864074707, 0.3481796681880951, 1.408320426940918, 0.9375824928283691, 1.0348286628723145, 0.2568940818309784, 1.389615535736084, 0.8941948413848877, 0.0, 0.0, 0.0, 0.0, 0.0, 0.0, 0.0, 0.0, 0.0, 0.0, 0.0, 0.0, 0.0, 0.0, 0.0, 0.0, 0.0, 0.0, 0.0, 0.0, 0.0, 0.0, 0.0, 0.0, 0.9172233939170837, 0.21768949925899506, 1.3547508716583252, 0.9140852093696594, 0.9700638651847839, 0.36607125401496887, 1.243406891822815, 0.913436770439148, 0.866467297077179, 0.4922840893268585, 1.264155387878418, 0.9334702491760254, 0.6810399889945984, 0.44307103753089905, 1.1126492023468018, 0.8952532410621643, 0.7580873370170593, 0.24810950458049774, 1.0898330211639404, 0.9297429323196411, 1.073410153388977, 0.24117876589298248, 1.223256230354309, 0.9247527122497559, 1.1562038660049438, 0.2628590166568756, 0.9965525269508362, 0.9616207480430603, 0.991126537322998, 0.24009662866592407, 0.8819800615310669, 0.9366578459739685, 0.9259178638458252, 0.41871681809425354, 0.8160766363143921, 0.7926648855209351, 0.8683295249938965, 0.5023598670959473, 0.8260974884033203, 0.8074043393135071, 0.8572502136230469, 0.4782446324825287, 0.4732019007205963, 0.8685216903686523, 0.9375237226486206, 0.4982421100139618, 0.12142597883939743, 0.8932930827140808, 0.9827712178230286, 0.33433985710144043, 0.8066132664680481, 0.8152925968170166, 0.7752870917320251, 0.2585439383983612, 0.4947039484977722, 0.8903382420539856, 0.6439204216003418, 0.1964518427848816, 0.15605328977108002, 0.8869578838348389, 0.9047084450721741, 0.2321469932794571, 1.3884884119033813, 0.9035301804542542, 0.9513806700706482, 0.2098260372877121, 1.376115322113037, 0.9527130722999573, 0.9150365591049194, 0.3529171347618103, 1.395397424697876, 0.9284749627113342, 1.0390651226043701, 0.25842025876045227, 1.3735146522521973, 0.9020501375198364, 0.0, 0.0, 0.0, 0.0, 0.0, 0.0, 0.0, 0.0, 0.0, 0.0, 0.0, 0.0, 0.0, 0.0, 0.0, 0.0, 0.0, 0.0, 0.0, 0.0, 0.0, 0.0, 0.0, 0.0, 0.9203085899353027, 0.22317251563072205, 1.3377138376235962, 0.9689791798591614, 0.9651446342468262, 0.3710186779499054, 1.2251149415969849, 0.9151082038879395, 0.8654484152793884, 0.49612709879875183, 1.2479463815689087, 0.9323288798332214, 0.6667416095733643, 0.4401338994503021, 1.1167216300964355, 0.9491168260574341, 0.7457577586174011, 0.23938687145709991, 1.097893476486206, 0.9253755211830139, 1.0647419691085815, 0.24704980850219727, 1.2029612064361572, 0.9264855980873108, 1.1449434757232666, 0.2634224593639374, 0.9743315577507019, 0.9569458961486816, 0.9775721430778503, 0.23306018114089966, 0.8605083227157593, 0.9281147122383118, 0.9185996651649475, 0.41683825850486755, 0.7951348423957825, 0.791253387928009, 0.8665815591812134, 0.5048971772193909, 0.8047264218330383, 0.811829686164856, 0.8484167456626892, 0.48587852716445923, 0.4505811333656311, 0.866694986820221, 0.941863477230072, 0.49547767639160156, 0.1061720922589302, 0.8813446164131165, 0.9699599742889404, 0.3291442096233368, 0.7859947085380554, 0.8131973147392273, 0.7659003138542175, 0.2579067051410675, 0.47463056445121765, 0.8816373944282532, 0.627650797367096, 0.19735081493854523, 0.14380846917629242, 0.8876659870147705, 0.9126780033111572, 0.23526634275913239, 1.3699676990509033, 0.8990458846092224, 0.9567723274230957, 0.21213091909885406, 1.3613468408584595, 0.9138644337654114, 0.9110127091407776, 0.3566165566444397, 1.3803907632827759, 0.9020955562591553, 1.0357495546340942, 0.2591192126274109, 1.3549306392669678, 0.9013403654098511, 0.0, 0.0, 0.0, 0.0, 0.0, 0.0, 0.0, 0.0, 0.0, 0.0, 0.0, 0.0, 0.0, 0.0, 0.0, 0.0, 0.0, 0.0, 0.0, 0.0, 0.0, 0.0, 0.0, 0.0, 0.9188938736915588, 0.22739115357398987, 1.323923110961914, 0.9087755680084229, 0.959439218044281, 0.37571725249290466, 1.2068523168563843, 0.9185342788696289, 0.8528033494949341, 0.49968022108078003, 1.229270577430725, 0.930166482925415, 0.6563454270362854, 0.42569342255592346, 1.1161118745803833, 0.9209834337234497, 0.7469030618667603, 0.24006079137325287, 1.1025687456130981, 0.9566969871520996, 1.0658882856369019, 0.2528579533100128, 1.1849639415740967, 0.9285665154457092, 1.1312999725341797, 0.25932008028030396, 0.9522057771682739, 0.9706794619560242, 0.965100109577179, 0.2260037213563919, 0.8394567966461182, 0.9306017160415649, 0.9088502526283264, 0.41750437021255493, 0.7785353660583496, 0.7904090285301208, 0.8523810505867004, 0.500434935092926, 0.7900995016098022, 0.8203052282333374, 0.8373895287513733, 0.4879869520664215, 0.4335392713546753, 0.8603489398956299, 0.9367895126342773, 0.49057403206825256, 0.09397401660680771, 0.8854246735572815, 0.9636516571044922, 0.3342058062553406, 0.7677222490310669, 0.818504810333252, 0.7451766729354858, 0.2559998631477356, 0.4687115252017975, 0.8822847008705139, 0.6085043549537659, 0.20067477226257324, 0.12445688992738724, 0.8903006315231323, 0.9112816452980042, 0.24131500720977783, 1.3602094650268555, 0.9012642502784729, 0.9569972157478333, 0.21831443905830383, 1.3443822860717773, 0.8941740989685059, 0.8953898549079895, 