{"type": "float32", "shape": [10, 3], "data": [0.9487626552581787, 0.4144144356250763, 0.8440592288970947, 0.939262866973877, 0.4198867082595825, 0.8325814008712769, 0.9259178638458252, 0.41871681809425354, 0.8160766363143921, 0.9185996651649475, 0.41683825850486755, 0.7951348423957825, 0.9088502526283264, 0.41750437021255493, 0.7785353660583496, 0.8976517915725708, 0.4165867269039154, 0.7585631012916565, 0.8863534331321716, 0.414602667093277, 0.7440173029899597, 0.8728834986686707, 0.41507285833358765, 0.734139084815979, 0.8650462031364441, 0.4109136760234833, 0.7316235899925232, 0.8488649725914001, 0.40713050961494446, 0.739511251449585]}