{"type": "float64", "shape": [24, 3], "data": [-0.0017950595290382927, -0.2233334459925592, 0.02821912553071819, 0.06772467570537334, -0.31473967122299307, 0.0214037877203167, -0.06946554060682558, -0.3138551255656779, 0.023899303754042436, -0.004327923130868928, -0.11437021512720578, 0.0015228119189669362, 0.10200122102155845, -0.6899382737639126, 0.01690798581181604, -0.10775559364347535, -0.6964241398853281, 0.01504927378983469, 0.0011591053384800414, 0.02081021442887462, 0.002615284042914616, 0.08840551994254811, -1.087898634602492, -0.026785344191042545, -0.09198182575586095, -1.0948387881772141, -0.0272625243464965, 0.0026161038791374623, 0.07373244806230825, 0.028039852107060927, 0.11476365945317688, -1.1436895173586867, 0.09250305440585954, -0.11735357371113805, -1.1429827433688222, 0.09608542657013255, -0.0001622845345356531, 0.2876028039606256, -0.014817182869749417, 0.08146084307867736, 0.19548175039742582, -0.006049754777112777, -0.07914308344296146, 0.19256528273097423, -0.010575433187443677, 0.004989555428061216, 0.3525724144728154, 0.03653178750682693, 0.17243777014943215, 0.22595064624777206, -0.014917906171582524, -0.1751554605301871, 0.22511644982637616, -0.019718504471533144, 0.4320500169172333, 0.21317858632264028, -0.042374341190845946, -0.4288974211131698, 0.2117872306689281, -0.04111948292311358, 0.6812836452720605, 0.2221646203310247, -0.04354525745788708, -0.6841955011004938, 0.21955952561529102, -0.04667867778401227, 0.7653258286892984, 0.21400308366564463, -0.058490624768670035, -0.7688174262154941, 0.2134422677698446, -0.05699376207386683]}