{"type": "float64", "shape": [24, 6890], "row": [15, 14, 15, 15, 15, 15, 12, 12, 13, 6, 16, 9, 3, 3, 17, 13, 0, 9, 9, 13, 0, 12, 2, 1, 0, 2, 0, 1, 1, 0, 3, 13, 0, 4, 4, 4, 4, 4, 4, 4, 1, 9, 1, 0, 16, 16, 6, 13, 13, 13, 6, 3, 9, 9, 0, 17, 22, 4, 0, 18, 18, 18, 18, 18, 18, 18, 18, 22, 16, 16, 20, 20, 20, 22, 22, 22, 20, 20, 20, 20, 22, 22, 22, 22, 22, 13, 6, 13, 16, 0, 3, 0, 13, 16, 13, 16, 16, 16, 9, 0, 3, 9, 12, 14, 1, 0, 1, 0, 0, 0, 7, 7, 7, 7, 7, 10, 10, 10, 10, 10, 10, 7, 7, 7, 7, 12, 13, 9, 6, 15, 15, 13, 15, 15, 12, 14, 6, 0, 6, 17, 17, 9, 0, 14, 9, 14, 3, 3, 12, 2, 12, 0, 2, 0, 14, 5, 5, 14, 5, 5, 5, 5, 5, 5, 2, 5, 2, 14, 1, 6, 14, 14, 14, 0, 2, 9, 23, 0, 2, 0, 13, 2, 5, 19, 19, 19, 19, 19, 13, 0, 19, 21, 21, 21, 21, 23, 23, 23, 21, 21, 21, 23, 23, 23, 23, 23, 23, 6, 6, 14, 0, 17, 14, 17, 14, 17, 0, 2, 16, 3, 2, 0, 8, 11, 8, 11, 11, 11, 11, 11, 8, 8, 8, 8, 8, 8], "col": [142, 152, 172, 185, 201, 307, 570, 573, 588, 596, 637, 642, 676, 677, 695, 701, 705, 723, 736, 760, 785, 813, 833, 835, 836, 853, 866, 866, 871, 884, 889, 895, 940, 1008, 1010, 1016, 1019, 1043, 1047, 1055, 1137, 1197, 1206, 1212, 1255, 1256, 1269, 1293, 1296, 1299, 1330, 1336, 1337, 1349, 1449, 1463, 1510, 1523, 1540, 1566, 1620, 1654, 1657, 1658, 1664, 1694, 1725, 1844, 1873, 1891, 2104, 2107, 2111, 2135, 2139, 2174, 2206, 2208, 2230, 2241, 2260, 2271, 2278, 2699, 2770, 2837, 2847, 2871, 2878, 2913, 2913, 2914, 2931, 2944, 2957, 3000, 3008, 3009, 3014, 3021, 3022, 3037, 3059, 3076, 3089, 3129, 3142, 3143, 3144, 3145, 3209, 3215, 3221, 3326, 3327, 3336, 3338, 3344, 3357, 3359, 3362, 3381, 3395, 3433, 3469, 3470, 3470, 3500, 3511, 3685, 3699, 3727, 3795, 3819, 4059, 4076, 4084, 4107, 4109, 4123, 4124, 4130, 4193, 4221, 4225, 4246, 4288, 4290, 4292, 4297, 4315, 4322, 4323, 4352, 4382, 4495, 4500, 4502, 4505, 4532, 4533, 4535, 4536, 4541, 4623, 4634, 4690, 4703, 4745, 4752, 4775, 4776, 4781, 4801, 4814, 4828, 4888, 4919, 4919, 4922, 4963, 4969, 4994, 5090, 5120, 5126, 5128, 5194, 5239, 5285, 5361, 5565, 5566, 5569, 5571, 5595, 5636, 5654, 5667, 5668, 5669, 5720, 5732, 5736, 5739, 6166, 6232, 6312, 6342, 6343, 6372, 6403, 6429, 6460, 6465, 6468, 6470, 6512, 6534, 6545, 6562, 6564, 6706, 6715, 6728, 6736, 6745, 6752, 6759, 6762, 6780, 6791, 6816, 6832, 6833, 6869], "data": [0.03798815165175692, 0.005889756375849373, 0.29390384158976224, 0.05948118289157259, 0.04634780842589648, 0.018274998894852942, 0.07807307681521498, 0.021882746073509856, 0.1688971483966685, 0.017634437087623963, 0.07228735483127376, 0.21395602207374412, 0.2018294895090775, 0.03279258104465306, 0.02526649512563868, 0.00046294949917481383, 0.03420865295154822, 0.060981302418123814, 0.048487769290900526, 0.05195970724736483, 0.0010256130524643906, 0.17773396484127027, 0.008271534438895138, 0.07919986932025277, 0.017024221163797454, 0.011767112582725106, 0.01890232480908722, 0.08850078961639457, 0.01855566629620654, 0.04245106037690405, 0.004854965229810972, 0.32473099438921543, 0.0038961757402829157, 0.04633303692169573, 0.42976820062324556, 0.1459370872706921, 0.017059874189286936, 0.18165490253509745, 0.007530384557563361, 0.044850964255617146, 0.0012232393617400796, 0.013061510418186371, 0.32295217890006994, 0.009360259152921852, 0.01739097474192833, 0.0033528042265012006, 0.42333843389682196, 0.1113436387013989, 0.24853213002807234, 0.02303669474828563, 0.048518397435362064, 0.1617196818640884, 0.0033897400766231935, 0.050084650250904264, 0.09357372970606337, 0.0018985634718721683, 0.00010995892197172974, 0.1268655496468018, 0.054778318867890495, 0.06388702636980394, 0.0013184840610173454, 0.13791008727389434, 0.3566469835378239, 0.22623685422485318, 0.11176222007620121, 0.05803539062637866, 0.04420295383002731, 0.000656629673098542, 0.06756480702660227, 0.1725008737729094, 0.38022787346732123, 0.1441940877109647, 0.08651071964745502, 0.08168461590334257, 0.196241390007496, 0.4259336132852729, 0.07735174358131637, 0.16368476783476318, 0.13764797772150683, 0.010382830036672732, 0.052237929801551494, 0.04340915355270626, 0.15296950495318204, 0.00932695973286569, 0.03743024416851279, 0.0006462881890507094, 0.01734030380496902, 0.002081227267617145, 0.022139094964388248, 0.00628685420926177, 0.19829062480616613, 0.060348622125904416, 0.006520160310657029, 0.21043812953611254, 0.02203613091140272, 0.05194716481163486, 0.04983415080638926, 0.3293298282175453, 0.04109308773184135, 0.06938552490584664, 0.04744437603805023, 0.07787405359301944, 0.25477569957925, 0.0031161587098794694, 0.35209117100521303, 0.04249421880303955, 0.11939202475805877, 0.09061764586817918, 0.01083701277422079, 0.03884423006589536, 0.04220217596788917, 0.006427186757896296, 0.003026788367951077, 0.034142858308268416, 0.2118541538456122, 0.3284965803413867, 0.03714334040123877, 0.17353213775011095, 0.0534500748611924, 0.0195650808110388, 0.38781278583503237, 0.03816879033290257, 0.0877226041250412, 0.503789878475493, 0.07266556381894601, 0.06480093671795298, 0.03331071349525923, 0.0013069638664484882, 0.01306593656648902, 0.22460894870500148, 0.016742254008477224, 0.0025723033156591184, 0.1549644374446923, 0.14768837638798793, 0.029973342202293897, 0.0917916495168499, 0.0637335004964909, 0.005334244245346783, 0.009267755195122001, 0.07650197843806453, 0.013434802634819495, 0.23040707626735038, 0.04452218234594626, 0.06179548933402549, 0.059571497905315934, 0.06726185392321117, 0.10771963450933068, 0.1958130832477537, 0.12182540659359456, 0.034419656660825186, 0.25093482717691334, 0.03817061854557394, 0.005048851093593335, 0.014777229812949922, 0.06132692973736474, 0.30809816826659864, 0.08282994666482213, 0.0001472984240150696, 0.06862555134861903, 0.09570312631730157, 0.18081982025152163, 0.019820362399099026, 0.13164851607121272, 0.061822503230314935, 0.034605939780094214, 0.03346774221425631, 0.11860638943006832, 0.028111132033575913, 0.018085060742064157, 0.2587796708264514, 0.08105925131149447, 0.30490403785033837, 0.03870758497162871, 0.020175487971243272, 0.24991610504292294, 0.1997863261075421, 0.0007068813898379141, 0.04129422942479634, 0.09665679667150658, 0.10098818385786121, 0.002173659061950388, 0.010348271506858535, 0.017164263236253825, 0.22084811842816704, 0.1996483438330576, 0.0916309366747478, 0.07941337291102127, 0.2496638574224565, 0.00169625443822314, 1.8922958617684082e-05, 0.15879537073054983, 0.11147530885031122, 0.066765914905053, 0.28420825342446143, 0.31626156862624777, 0.33589440931129844, 0.023210707550488933, 0.3625783077472599, 0.07217873069030736, 0.012502001756295796, 0.1366082217473233, 0.014246612854729172, 0.18791859440674008, 0.0009372223042283057, 0.04159576975250031, 0.005636296526269109, 0.027275198156647733, 0.05284536398603706, 0.09547620070463247, 0.1180301011565682, 0.0532305462584949, 0.09136475012091204, 0.08431309606796521, 0.3671408697901406, 0.05354566058723403, 0.4243925404185525, 0.0019173545852207066, 0.33372326485754894, 0.0032148170647147947, 0.0495355637510693, 0.09663607793496173, 0.08553653542064141, 0.017554351466776384, 0.12176878687825567, 0.11091771283833551, 0.3013614438929688, 0.2751164335370784, 0.0422492996020947, 0.04841965749190501, 0.21108437859769746, 0.02886892117340876, 0.15102906314865105, 0.25578469842481016, 0.3177783512165096, 0.035074232986840356, 0.08299266874466832]}